{"cameraMode":{"drawMode":0,"name":"Shaded","section":"Shading Mode"},"sceneLighting":false,"audioPlay":false,"sceneViewState":{"showFog":true,"showMaterialUpdate":false,"showSkybox":false,"showFlares":true,"showImageEffects":true,"showParticleSystems":true},"in2DMode":false,"pivot":{"x":-7.181640625,"y":11.76171875,"z":10.2130126953125},"rotation":{"x":0.5240938067436218,"y":-0.10594486445188523,"z":0.06591415405273438,"w":0.8424807190895081},"size":7.845491886138916,"orthographic":true}