{"cameraMode":{"drawMode":0,"name":"Shaded","section":"Shading Mode"},"sceneLighting":false,"audioPlay":false,"sceneViewState":{"showFog":true,"showMaterialUpdate":false,"showSkybox":false,"showFlares":true,"showImageEffects":true,"showParticleSystems":true},"in2DMode":false,"pivot":{"x":0.0047609806060791019,"y":4.878351211547852,"z":8.065912246704102},"rotation":{"x":-0.10353585332632065,"y":0.8861168622970581,"z":-0.23952551186084748,"w":-0.3830290138721466},"size":6.441659927368164,"orthographic":false}