{"cameraMode":{"drawMode":0,"name":"Shaded","section":"Shading Mode"},"sceneLighting":false,"audioPlay":false,"sceneViewState":{"showFog":true,"showMaterialUpdate":false,"showSkybox":false,"showFlares":true,"showImageEffects":true,"showParticleSystems":true},"in2DMode":false,"pivot":{"x":-8.135868072509766,"y":3.867602586746216,"z":6.1069536209106449},"rotation":{"x":-0.1602012664079666,"y":0.6784542798995972,"z":-0.15528126060962678,"w":-0.6999477744102478},"size":34.85615921020508,"orthographic":true}